customer_id,customer_name,email,city,signup_date
1,Ravi Kumar,ravi@gmail.com,Hyderabad,2023-01-10
2,Priya Sharma,priya@gmail.com,Bangalore,2023-02-15
3,Arun Reddy,arun@gmail.com,Chennai,2023-03-20
4,Sneha Rao,sneha@gmail.com,Hyderabad,2023-04-05
5,Kiran Kumar,kiran@gmail.com,Mumbai,2023-05-10
6,Anjali Singh,anjali@gmail.com,Delhi,2023-06-18
7,Vijay Rao,vijay@gmail.com,Pune,2023-07-22
8,Lakshmi Devi,lakshmi@gmail.com,Chennai,2023-08-14
9,Rahul Verma,rahul@gmail.com,Bangalore,2023-09-03
10,Pooja Reddy,pooja@gmail.com,Hyderabad,2023-10-12
11,Suresh Babu,suresh@gmail.com,Mumbai,2023-11-20
12,Divya Patel,divya@gmail.com,Pune,2023-12-01
13,Aakash Rao,aakash@gmail.com,Delhi,2024-01-15
14,Meena Sharma,meena@gmail.com,Chennai,2024-02-10
15,Varun Kumar,varun@gmail.com,Hyderabad,2024-03-05
