order_id,customer_id,product_id,order_date,quantity,total_amount
1001,1,101,2024-01-05,1,75000.00
1002,1,103,2024-01-10,2,5000.00
1003,2,102,2024-01-12,1,30000.00
1004,2,105,2024-01-20,3,2400.00
1005,3,106,2024-02-02,2,4000.00
1006,3,113,2024-02-10,1,900.00
1007,4,109,2024-02-15,1,4500.00
1008,4,110,2024-02-20,2,5000.00
1009,5,101,2024-03-01,1,75000.00
1010,5,108,2024-03-05,1,2500.00
1011,6,114,2024-03-10,2,2400.00
1012,7,116,2024-03-15,1,3500.00
1013,8,102,2024-04-01,1,30000.00
1014,8,107,2024-04-05,1,3500.00
1015,9,115,2024-04-10,2,3600.00
1016,9,117,2024-04-15,3,4500.00
1017,10,103,2024-05-01,2,5000.00
1018,10,104,2024-05-05,1,1500.00
1019,1,102,2024-05-10,1,30000.00
1020,2,111,2024-05-15,1,15000.00
1021,3,118,2024-06-01,1,4000.00
1022,4,105,2024-06-05,2,1600.00
1023,5,113,2024-06-10,3,2700.00
1024,6,116,2024-06-15,1,3500.00
1025,7,102,2024-07-01,1,30000.00
1026,8,109,2024-07-05,2,9000.00
1027,9,101,2024-07-10,1,75000.00
1028,10,106,2024-07-15,2,4000.00
1029,11,117,2024-08-01,2,3000.00
1030,12,115,2024-08-05,1,1800.00
